ID_PRODUCTO;Concepto;Tipo; Precio 
42737;EPSON COPYFAX 2000  ;IMPRESIÓN;1658,00
42754;  MOT ASROCK H110M-HDS S1151 S/VGA;INFORMATICA;1237,50
42755;MOT ASROCK A58M-VG3+ AMD FM2+ R2.0;INFORMATICA;1079,32
42756;MOT ECS KAM1-I AM1;INFORMATICA;638,66
42757;MOT ASROCK B150M-HDS S1151 S/VGA;INFORMATICA;1784,42
42758;MOT ASROCK B85M S1150 B85M-PRO4;INFORMATICA;1819,18
42759;MOT ASROCK FM2A88M PRO3+ AMD FM2+;INFORMATICA;1800,48
42760;MOT ASROCK N68-GS4 AM3+ FX R2.0;INFORMATICA;1637,24
42761;MOT MSI A68HM-E33 AMD FM2+ V2;INFORMATICA;1384,46
42762;MOT MSI B150M B150M GAMING PRO S1151;INFORMATICA;2106,06
42763;MOT MSI H110M-GAMING S1151;INFORMATICA;2118,38
42764;MOT MSI H110M-PRO-VH-PLUS S1151;INFORMATICA;1385,78
42765;MOT MSI H110M-PRO-VHL S1151 S/P;INFORMATICA;1938,42
42766;MOT MSI Z270 GAMING M7 S1151;INFORMATICA;7011,62
42767;MOT MSI Z270 Z270-A PRO S1151;INFORMATICA;3485,68
42768;MOT MSI B250M PRO-VH S1151;INFORMATICA;1923,68
42769;MOT SUPERMICRO C7B250-CB-ML S1151;INFORMATICA;3039,08
42770;HD 4TB W.DIGITAL PURPLE SATA3 64MB;INFORMATICA;3597,22
42771;HD 2TB SEAGATE 5400 SATA 7MM NOTEBOOK;INFORMATICA;2554,20
42772;HD 6TB W.DIGITAL PURPLE SATA3 64MB;INFORMATICA;6569,86
42773;HD 8TB W.DIGITAL PURPLE SATA 128MB;INFORMATICA;8703,64
42774;HD SSD 512GB INTEL SATA3 2.5;INFORMATICA;6048,90
42775;HD SSD 256GB INTEL SATA3 2.5 M.2;INFORMATICA;3206,06
42776;HD SSD 120GB SANDISK SATA 2.5;INFORMATICA;1423,40
42777;HD 2TB SEAGATE 5400 SATA 7MM NOTEBOOK 128MB;INFORMATICA;2557,50
42778;HD 3TB W.DIGITAL SATA3 5400 64MB;INFORMATICA;2807,64
42779;GAB QNAP TS-431 NAS;INFORMATICA;9555,04
42780;HD 5TB SEAGATE EXT USB 3.0 BLACK BACKUP PLUS;INFORMATICA;4028,86
42781;HD 2TB SEAGATE EXT USB 3.0 BLACK BACKUP PLUS;INFORMATICA;2098,80
42782;HD 4TB SEAGATE EXT USB 3.0 BLACK BACKUP PLUS;INFORMATICA;3373,92
42783;HD 2TB SEAGATE EXT USB 3.0 SILVER BACKUP PLUS;INFORMATICA;2452,34
42784;HD 1TB SEAGATE EXT USB 3.0 SILVER BACKUP PLUS;INFORMATICA;1748,78
42785;HD 1TB EXT W.DIGITAL USB 3.0 ELEMENTS;INFORMATICA;1597,42
42786;MEM USB 64GB KINGSTON DATA 3.1;INFORMATICA;795,74
42787;MEM DDR4 4GB 2133MHZ MUSHKIN PC;INFORMATICA;1366,42
42788;MEM USB 32GB KINGSTON 3.0;INFORMATICA;421,96
42789;MEM USB 16GB KINGSTON DATA 3.1;INFORMATICA;218,02
42790;MEM USB 64GB KINGSTON DATA 3.1;INFORMATICA;762,96
42791;MEM SD MICRO 16GB KINGSTON CLASE 10 45MB;INFORMATICA;258,28
42792;MEM SD MICRO 32GB KINGSTON CLASE 10 45MB;INFORMATICA;479,82
42793;MEM SD MICRO 64GB KINGSTON CLASE 10 45MB;INFORMATICA;871,86
42794;MEM SD MICRO 16GB SONY CLASE 10;INFORMATICA;305,36
42795;MEM SD MICRO 32GB SONY CLASE 10;INFORMATICA;543,18
42796;MEM SD MICRO 32GB SANDISK CLASE 10;INFORMATICA;457,82
42797;MEM DDR4 16GB 2400MHZ MUSHKIN BLACKLINE;INFORMATICA;4845,50
42798;MEM DDR3 8GB 1600MHZ MUSHKIN ESSENTIALS PC;INFORMATICA;1556,28
42799;MEM DDR3 8GB 1600MHZ MUSHKIN ESSENTIALS NOTEBOOK;INFORMATICA;1536,04
42800;MEM DDR3 8GB 1600MHZ MUSHKIN SILVERLINE;INFORMATICA;1642,74
42801;MEM DDR4 8GB 2400MHZ MUSHKIN BLACKLINE;INFORMATICA;2802,80
42802;Producto1;;0,00
42803;Producto2;;244444442,00
42804;Producto3;;244444442,00
42805;Producto4;;244444442,00
42806;Producto5;;0,00
42807;Producto6;;0,00
42808;Producto7;;244444442,00
42809;Producto8;;0,00
42810;CD DVDRW 12X LG BLURAY SATA;GRABACION;1282,82
42811;CD DVDRW 8X PIONEER BLURAY SATA USB BLACK;GRABACION;2559,92
42812;CD DVD+-RW 24X LG SATA BLACK;GRABACION;376,64
42813;CD DVD+-RW 24X SAMSUNG SATA BLACK;GRABACION;377,96
42814;CD DVD+-RW 24X SAMSUNG SATA BLACK;GRABACION;369,82
42815;CD DVD+-RW8X LITE-ON EXT;GRABACION;599,50
42816;GAB RIO TORO GAMING CR480;GABINETES;1254,88
42817;GAB SENTEY G18-1356-SF+FUENTE BXP500-LS;GABINETES;813,12
42818;GAB RIO TORO COMPACTO CR1080;GABINETES;1907,62
42819;GAB ATX GAME PRO KIT 600 K05B;GABINETES;860,42
42820;GAB GAME PRO G7 S/FUENTE;GABINETES;652,74
42821;GAB GAME PRO G1 S/FUENTE;GABINETES;653,62
42822;GAB ATX GAME PRO KIT 600 Q1B;GABINETES;816,86
42823;GAB ATX GAME PRO KIT 600 7002B;GABINETES;904,42
42824;GAB TAIDING 0918BB S/FUENTE;GABINETES;584,76
42825;GAB TAIDING F100 S/FUENTE;GABINETES;554,18
42826;GAB TAIDING F200 S/FUENTE;GABINETES;537,24
42827;GAB TAIDING 0802BB S/FUENTE;GABINETES;512,38
42828;GAB ATX GAME PRO KIT 600 G7B;GABINETES;906,18
42829;GAB ATX GAME PRO KIT 600 G1B;GABINETES;906,18
42830;GAB TAIDING F300 NEGRO S/FUENTE;GABINETES;486,42
42831;GAB TAIDING M800-A NEGRO S/FUENTE;GABINETES;369,60
42832;PARLANTE JBL GO BLACK BLUETOOTH;AUDIO;818,84
42833;PARLANTE JBL GO BLUE BLUETOOTH;AUDIO;819,06
42834;PARLANTE JBL GO GRAY BLUETOOTH;AUDIO;818,84
42835;PARLANTE JBL GO ORANGE BLUETOOTH;AUDIO;818,84
42836;PARLANTE JBL GO RED BLUETOOTH;AUDIO;823,24
42837;PARLANTE STAY-ON SO-101 BLUETOOTH/ WATERPROOF;AUDIO;430,32
42838;PARLANTE STAY-ON SO-102 BLUETOOTH/ WATERPROOF;AUDIO;897,38
42839;PARLANTE KINGTA SO-101 BLUETOOTH/ WATERPROOF RED;AUDIO;353,32
42840;PARLANTE KINGTA SO-101 BLUETOOTH/ WATERPROOF GREEN;AUDIO;353,32
42841;PARLANTE KINGTA SO-101 BLUETOOTH/ WATERPROOF BLACK;AUDIO;353,32
42842;PARLANTE KINGTA SO-101 BLUETOOTH/ WATERPROOF BLUE;AUDIO;353,32
42843;PARLANTE KINGTA SO-102 BLUETOOTH/ WATERPROOF CELESTE;AUDIO;684,20
42844;PARLANTE JBL CLIP2 GRAY BLUETOOTH;AUDIO;1810,38
42845;PARLANTE JBL GO TEAL BLUETOOTH;AUDIO;823,24
42846;PARLANTE JBL FLIP 4 WHITE BLUETOOTH;AUDIO;2846,58
42847;PARLANTE JBL FLIP 4 GRAY BLUETOOTH;AUDIO;2846,58
42848;GABINETE GAMER XD345;GAMING;1588,00
42849;GABINETE GAMER XD346;GAMING;1542,00
42850;AIRE COMPRIMIDO BLOWING 450gr.;LIMPIEZA;279,00
42851;ALCOHOL ISOTRONIX 360gr.;LIMPIEZA;137,00
42852;APOYA MUÑECAS CON GEL FELLOWES 91825;;152,00
42853;APOYA MUÑECAS FELLOWES I-SPIRE;;727,00
42854;ATRIL 4en1 FELLOWES I-SPIRE 94735;;1115,00
42855;BASE PARA NOTEBOOK FELLOWES GoRiser 80304;BASES;1130,00
42856;BASE PARA NOTEBOOK OVERTECH NS-68 AZUL;BASES;481,00
42857;BASE PARA NOTEBOOK OVERTECH NS-68 NEGRO;BASES;542,00
42858;BASE PARA NOTEBOOK OVERTECH NS-68 ROJO;BASES;505,00
42859;BASE PARA NOTEBOOK OVERTECH NS-70;BASES;610,00
42860;BASE PARA NOTEBOOK OVERTECH NS-75 AZUL;BASES;587,00
42861;BASE PARA NOTEBOOK OVERTECH NS-75 NEGRO;BASES;542,00
42862;BASE PARA NOTEBOOK OVERTECH NS-75 ROJO;BASES;512,00
42863;BASE PARA TABLET FELLOWES I-SPIRE 94735;BASES;398,00
42864;BOTELLA BROTHER AMARILLO BT5001Y;IMPRESIÓN;199,00
42865;BOTELLA BROTHER CYAN BT5001C;IMPRESIÓN;199,00
42866;BOTELLA BROTHER MAGENTA BT5001M;IMPRESIÓN;199,00
42867;BOTELLA BROTHER NEGRO BT6001BK;IMPRESIÓN;199,00
42868;BOTELLA EPSON AMARILLO T664420;IMPRESIÓN;199,00
42869;BOTELLA EPSON AMARILLO T673420;IMPRESIÓN;199,00
42870;CANDADO PARA NOTEBOOK NISUTA NS-PRONO;;178,00
42871;CARTUCHO BROTHER AMARILLO LC105Y;IMPRESIÓN;560,00
42872;CARTUCHO BROTHER AMARILLO LC3019Y;IMPRESIÓN;560,00
42873;CARTUCHO BROTHER CYAN LC105C;IMPRESIÓN;560,00
42874;CARTUCHO BROTHER CYAN LC3019C;IMPRESIÓN;560,00
42875;CARTUCHO BROTHER MAGENTA LC105M;IMPRESIÓN;560,00
42876;CARTUCHO BROTHER MAGENTA LC3019M;IMPRESIÓN;560,00
42877;CARTUCHO BROTHER MAGENTA LC60M;IMPRESIÓN;560,00
42878;CARTUCHO BROTHER NEGRO LC109BK;IMPRESIÓN;560,00
42879;CARTUCHO BROTHER NEGRO LC3019BK;IMPRESIÓN;560,00
42880;CARTUCHO EPSON AMARILLO T63420;IMPRESIÓN;560,00
42881;CARTUCHO HP TRICOLOR CC656A #901;IMPRESIÓN;498,00
42882;CARTUCHO HP TRICOLOR CH562H #122;IMPRESIÓN;498,00
42883;CARTUCHO HP TRICOLOR CH564H #122XL;IMPRESIÓN;498,00
42884;CARTUCHO HP TRICOLOR CN691A #675;IMPRESIÓN;498,00
42885;CARTUCHO HP TRICOLOR F6V28AL #664;IMPRESIÓN;498,00
42886;CARTUCHO ORINK/EPSON NEGRO T1351;IMPRESIÓN;498,00
42887;CARTUCHO ORINK/EPSON NEGRO T1361;IMPRESIÓN;498,00
42888;CARTUCHO ORINK/EPSON NEGRO T1381;IMPRESIÓN;498,00
42889;CINTA PARA IMPRESORA FULLMARK F737BK;IMPRESIÓN;515,00
42890;CINTA PARA IMPRESORA FULLMARK N179PE;IMPRESIÓN;515,00
42891;CINTA PARA IMPRESORA FULLMARK N477BK;IMPRESIÓN;515,00
42892;CINTA PARA IMPRESORA FULLMARK N478BK;IMPRESIÓN;515,00
42893;CINTA PARA IMPRESORA FULLMARK N533BK;IMPRESIÓN;515,00
42894;CINTA PARA IMPRESORA FULLMARK N617BK;IMPRESIÓN;515,00
42895;CINTA PARA IMPRESORA FULLMARK N636BK;IMPRESIÓN;515,00
42896;CINTA PARA IMPRESORA FULLMARK N639BK;IMPRESIÓN;515,00
42897;CINTA PARA IMPRESORA FULLMARK N655BK;IMPRESIÓN;515,00
42898;CINTA PARA IMPRESORA FULLMARK N880BK;IMPRESIÓN;515,00
42899;COMPITT KIT KCEL;VARIOS;199,00
42900;COMPITT KIT KLEEN SCREEN;VARIOS;245,00
42901;CONTACT TRONIX ECO x 419ml.;VARIOS;196,00
42902;DVD+R VERBATIM 95059;GRABACION;258,00
42903;DVD+RW VERBATIM 94834 x30;GRABACION;269,00
42904;DVD-R BANANA 16x 4.7GB x50;GRABACION;135,00
42905;DVD-R VERBATIM 95093;GRABACION;456,00
42906;DVD-RW VERBATIM 95179 x30;GRABACION;321,00
42907;FUNDA PARA DISCO RIGIDO CASE LOGIC BCC-2;ESTUCHERIA;456,00
42908;FUNDA PARA NETBOOK CASE LOGIC LAPS-111;ESTUCHERIA;1478,00
42909;FUNDA PARA NOTEBOOK CASE LOGIC HUXS-115 AZUL;ESTUCHERIA;1500,00
42910;FUNDA PARA NOTEBOOK CASE LOGIC HUXS-115 NEGRO;ESTUCHERIA;1502,00
42911;FUNDA PARA NOTEBOOK CASE LOGIC IBRS-114 ACAI;ESTUCHERIA;1789,00
42912;FUNDA PARA NOTEBOOK CASE LOGIC IBRS-114 NEGRO;ESTUCHERIA;1654,00
42913;FUNDA PARA NOTEBOOK CASE LOGIC IBRS-115 BORDO;ESTUCHERIA;1357,00
42914;FUNDA PARA NOTEBOOK CASE LOGIC IBRS-115 NEGRO;ESTUCHERIA;1489,00
42915;FUNDA PARA NOTEBOOK CASE LOGIC LODS-115 GRAFITO;ESTUCHERIA;1765,00
42916;FUNDA PARA NOTEBOOK CASE LOGIC LODS-115 PETROLEO;ESTUCHERIA;1356,00
42917;FUNDA PARA NOTEBOOK HP CROSSHATCH 15.6;ESTUCHERIA;1351,35
42918;FUNDA PARA TABLET CASE LOGIC CEUE-1107;ESTUCHERIA;789,00
42919;FUNDA PARA TABLET CASE LOGIC CEUE-1108 INDIGO;ESTUCHERIA;654,00
42920;FUNDA PARA TABLET CASE LOGIC CEUE-1108 PARCHMENT;ESTUCHERIA;789,00
42921;FUNDA PARA TABLET CASE LOGIC CEUE-1110;ESTUCHERIA;756,00
42922;FUNDA PARA TABLET CASE LOGIC QTS-207 PURPURA;ESTUCHERIA;741,00
42923;FUNDA PARA TABLET CASE LOGIC TNEO-108 NEGRO;ESTUCHERIA;753,00
42924;FUNDA PARA TABLET CASE LOGIC TNEO-110 NEGRA;ESTUCHERIA;625,00
42925;FUNDA PARA TABLET CASE LOGIC TS-108;ESTUCHERIA;3,00
42926;GRASA SILICONADA LUBEX D SILVER x 5cc;LIMPIEZA;79,00
42927;GRASA SILICONADA LUBEX D x 10cc.;LIMPIEZA;91,00
42928;IDENTIFICADOR DE CABLES NISUTA;VARIOS;123,00
42929;KIT DE LIMPIEZA BRILLVEX LCD;LIMPIEZA;321,00
42930;LIMPIADOR BRILLVEX 400gr.;LIMPIEZA;156,00
42931;LIMPIADOR BRILLVEX LCD 115gr.;LIMPIEZA;324,00
42932;LUZ LED USB NISUTA METAL;VARIOS;156,00
42933;MOCHILA HP ACTIVE BACKPACK 15.6 AZUL/ROJO;ESTUCHERIA;1154,00
42934;MOCHILA HP ACTIVE BACKPACK 15.6 GRIS;ESTUCHERIA;1789,00
42935;MOCHILA NOTEBOOK BIWO B73202;ESTUCHERIA;2456,00
42936;MOCHILA NOTEBOOK BIWO EXTRA B73201;ESTUCHERIA;3549,00
42937;MOCHILA NOTEBOOK BIWO EXTRA B73203;ESTUCHERIA;2458,00
42938;MOCHILA NOTEBOOK CASE LOGIC BPCA-115;ESTUCHERIA;2679,00
42939;MOCHILA NOTEBOOK CASE LOGIC BPCA-315 CARBIDE;ESTUCHERIA;2915,00
42940;MOCHILA NOTEBOOK CASE LOGIC BPCA-315 LIME GREEN;ESTUCHERIA;2162,00
42941;MOCHILA NOTEBOOK CASE LOGIC BPCA-315 PLAYA;ESTUCHERIA;2971,00
42942;MOCHILA NOTEBOOK CASE LOGIC IBIR-115 ANTHRACITE;ESTUCHERIA;2749,00
42943;MOCHILA NOTEBOOK CASE LOGIC IBIR-115 BLACK;ESTUCHERIA;2190,00
42944;MOCHILA NOTEBOOK CASE LOGIC IBIR-115 PETROL GREEN;ESTUCHERIA;3686,00
42945;MOCHILA NOTEBOOK CASE LOGIC IBIR-115 VERDE;ESTUCHERIA;3210,00
42946;MOCHILA NOTEBOOK CASE LOGIC LARI-114 AZUL HUDSON;ESTUCHERIA;2173,00
42947;MOCHILA NOTEBOOK CASE LOGIC LARI-114 PETROL GREEN;ESTUCHERIA;2974,00
42948;MOCHILA NOTEBOOK CASE LOGIC LARI-115 AZUL HUDSON;ESTUCHERIA;2786,00
42949;MOCHILA NOTEBOOK CASE LOGIC LARI-115 PETROL GREEN;ESTUCHERIA;2015,00
42950;MOCHILA NOTEBOOK CASE LOGIC PREV-217 NEGRO;ESTUCHERIA;2603,00
42951;MOCHILA NOTEBOOK CASE LOGIC VNB-217 NEGRO;ESTUCHERIA;3043,00
42952;MOCHILA NOTEBOOK CASE LOGIC WMBP-115 ACAI;ESTUCHERIA;3978,00
42953;MOCHILA NOTEBOOK CASE LOGIC WMBP-115 ANTHRACITE;ESTUCHERIA;3620,00
42954;MOCHILA NOTEBOOK CASE LOGIC WMBP-115 BLACK;ESTUCHERIA;2554,00
42955;MOCHILA NOTEBOOK CASE LOGIC WMBP-115 BRICK;ESTUCHERIA;2366,00
42956;MOCHILA NOTEBOOK CASE LOGIC WMBP-115 GINKGO;ESTUCHERIA;2093,00
42957;MOCHILA NOTEBOOK CASE LOGIC WMBP-115 MIDNIGHT;ESTUCHERIA;2789,00
42958;MOCHILA NOTEBOOK CASE LOGIC WMBP-115 RACING;ESTUCHERIA;3763,00
42959;MOCHILA NOTEBOOK HP EXPLORER GRIS;ESTUCHERIA;4141,00
42960;MOCHILA NOTEBOOK HP ODYSSEY NEGRO;ESTUCHERIA;4125,00
42961;MOCHILA NOTEBOOK HP ODYSSEY NEGRO/ROJO;ESTUCHERIA;2867,00
42962;MOCHILA NOTEBOOK SAMSONITE FOXTROT DARK BLACK GREY;ESTUCHERIA;2241,00
42963;MOCHILA NOTEBOOK SAMSONITE GEMINI GRAPHITE BLACK;ESTUCHERIA;2355,00
42964;MOCHILA NOTEBOOK SAMSONITE GEMINI HEATHER GREY;ESTUCHERIA;2824,00
42965;MOCHILA NOTEBOOK SAMSONITE GEMINI MIDWAY NAVY;ESTUCHERIA;2281,00
42966;MOCHILA NOTEBOOK SAMSONITE GEMINI PURPLE;ESTUCHERIA;3415,00
42967;MOCHILA NOTEBOOK SAMSONITE TITAN BLACK;ESTUCHERIA;3365,00
42968;MOCHILA NOTEBOOK SAMSONITE TITAN BURGUNDY;ESTUCHERIA;3445,00
42969;MOCHILA NOTEBOOK SAMSONITE TITAN CHARCOAL;ESTUCHERIA;3839,00
42970;MOCHILA NOTEBOOK SAMSONITE TITAN DARK GREY;ESTUCHERIA;3001,00
42971;MOCHILA NOTEBOOK SAMSONITE TITAN MARINE BLUE;ESTUCHERIA;2762,00
42972;MORRAL PARA NETBOOK CASE LOGIC ULA-110 PURPURA;ESTUCHERIA;2741,00
42973;PAD MOUSE KINGSTON HYPERX FURY PRO;VARIOS;123,00
42974;PAD PARA MOUSE FELLOWES 59339;VARIOS;214,00
42975;PAD PARA MOUSE FELLOWES CON GEL 91812;VARIOS;215,00
42976;PAD PARA MOUSE GENIUS GX CONTROL P100;VARIOS;216,00
42977;PAD PARA MOUSE LOGITECH G240;VARIOS;111,00
42978;PAD PARA MOUSE LOGITECH G440;VARIOS;112,00
42979;PAD PARA MOUSE TRIPLEKIT CON GEL NEGRO;VARIOS;113,00
42980;PAD PARA MOUSE TRIPLEKIT NEGRO;VARIOS;114,00
42981;PRECINTOS NISUTA 100mm x 100;VARIOS;52,00
42982;PROTECTOR PARA TABLET NOGA NG-FUN;VARIOS;13,00
42983;SOPORTE PARA TABLET OVERTECH OV-T2030;BASES;354,00
42984;SOPORTE PARA TABLET OVERTECH OV-T301;BASES;258,00
42985;TAMBOR DE IMAGEN BROTHER DR-1060;IMPRESIÓN;1456,00
42986;TAMBOR DE IMAGEN BROTHER DR-311CL;IMPRESIÓN;354,00
42987;TONER BROTHER AMARILLO TN-221;IMPRESIÓN;456,00
42988;TONER BROTHER CYAN TN-221;IMPRESIÓN;598,00
42989;TONER BROTHER MAGENTA TN-221;IMPRESIÓN;413,00
42990;TONER BROTHER NEGRO TN-1060;IMPRESIÓN;353,00
42991;TONER BROTHER NEGRO TN-221;IMPRESIÓN;438,00
42992;TONER BROTHER NEGRO TN-2370;IMPRESIÓN;570,00
42993;TONER BROTHER NEGRO TN-410;IMPRESIÓN;507,00
42994;TONER CANON AMARILLO 131;IMPRESIÓN;579,00
42995;TONER CANON CYAN 131;IMPRESIÓN;364,00
42996;TONER CANON MAGENTA 131;IMPRESIÓN;518,00
42997;TONER CANON NEGRO 131H;IMPRESIÓN;485,00
42998;TONER HP NEGRO CF217A;IMPRESIÓN;529,00
42999;TONER HP NEGRO CF226A;IMPRESIÓN;547,00
43000;TONER HP NEGRO CF280A;IMPRESIÓN;374,00
43001;TONER HP NEGRO CF283A;IMPRESIÓN;625,00
43002;TONER HP NEGRO CF283AD DUAL PACK;IMPRESIÓN;414,00
43003;TONER HP NEGRO CF410X;IMPRESIÓN;442,00
43004;TONER HP NEGRO Q2612A;IMPRESIÓN;373,00
43005;TONER HP NEGRO Q6000A;IMPRESIÓN;421,00
43006;TONER HP NEGRO Q7553A;IMPRESIÓN;519,00
43007;TONER MAGNA/HP NEGRO 2612A;IMPRESIÓN;407,00
43008;TONER MAGNA/HP NEGRO 283A;IMPRESIÓN;389,00
43009;TONER MAGNA/HP NEGRO 435/436/285A;IMPRESIÓN;563,00
43010;TONER MAGNA/HP NEGRO 7553/5949;IMPRESIÓN;387,00
43011;TONER POWERTEC/HP NEGRO 505/280A;IMPRESIÓN;387,00
43012;TONER SAMSUNG AMARILLO CLT-Y404S;IMPRESIÓN;510,00
43013;TONER SAMSUNG AMARILLO CLT-Y406S;IMPRESIÓN;354,00
43014;TONER SAMSUNG CYAN CLT-C404S;IMPRESIÓN;502,00
43015;TONER SAMSUNG CYAN CLT-C406S;IMPRESIÓN;483,00
43016;TONER SAMSUNG MAGENTA CLT-M404S;IMPRESIÓN;454,00
43017;TONER SAMSUNG MAGENTA CLT-M406S;IMPRESIÓN;358,00
43018;TONER SAMSUNG MAGENTA CLT-M407S;IMPRESIÓN;437,00
43019;TONER SAMSUNG MAGENTA CLT-M409S;IMPRESIÓN;413,00
43020;TONER SAMSUNG NEGRO CLT-K404S;IMPRESIÓN;562,00
43021;TONER SAMSUNG NEGRO CLT-K406S;IMPRESIÓN;435,00
43022;TONER SAMSUNG NEGRO MLT-D101S;IMPRESIÓN;422,00
43023;TONER SAMSUNG NEGRO MLT-D103L;IMPRESIÓN;643,00
43024;TONER SAMSUNG NEGRO MLT-D104S;IMPRESIÓN;508,00
43025;TONER SAMSUNG NEGRO MLT-D108S;IMPRESIÓN;550,00
43026;TONER SAMSUNG NEGRO MLT-D111S;IMPRESIÓN;530,00
43027;TONER SAMSUNG NEGRO MLT-D115L;IMPRESIÓN;461,00
43028;VALIJA NOTEBOOK CASE LOGIC ANC-316;ESTUCHERIA;942,00
43029;VALIJA NOTEBOOK CASE LOGIC AUA-314 NEGRO;ESTUCHERIA;1094,00
43030;VALIJA NOTEBOOK CASE LOGIC AUA-316;ESTUCHERIA;1175,00
43031;VALIJA NOTEBOOK CASE LOGIC BRYA-113 NEGRO;ESTUCHERIA;1191,00
43032;VALIJA NOTEBOOK CASE LOGIC BRYB-115 NEGRO;ESTUCHERIA;953,00
43033;VALIJA NOTEBOOK CASE LOGIC HUXA-114 AZUL;ESTUCHERIA;1182,00
43034;VALIJA NOTEBOOK CASE LOGIC HUXA-114 NEGRA;ESTUCHERIA;1004,00
43035;VALIJA NOTEBOOK CASE LOGIC HUXA-115 AZUL;ESTUCHERIA;1159,00
43036;VALIJA NOTEBOOK CASE LOGIC INT-114 ANTHRACITE;ESTUCHERIA;744,00
43037;VALIJA NOTEBOOK CASE LOGIC INT-114 NEGRO;ESTUCHERIA;1137,00
43038;VALIJA NOTEBOOK CASE LOGIC INT-115 ION;ESTUCHERIA;1163,00
43039;VALIJA NOTEBOOK CASE LOGIC INT-115 NEGRO;ESTUCHERIA;815,00
43040;VALIJA NOTEBOOK CASE LOGIC LODA-115 DRESS BLUE;ESTUCHERIA;757,00
43041;VALIJA NOTEBOOK CASE LOGIC LODA-115 GRAPHITE;ESTUCHERIA;779,00
43042;VALIJA NOTEBOOK CASE LOGIC LODA-115 PETROL GREEN;ESTUCHERIA;1121,00
43043;VALIJA NOTEBOOK CASE LOGIC VNAI-215 NEGRO;ESTUCHERIA;1159,00
